,MD_EARN_WNE_P10,MD_EARN_WNE_P8,MD_EARN_WNE_P6,INSTNM,population_2019,GRAD_DEBT_MDN,FIRST_GEN,MARRIED,ADM_RATE,SAT_AVG,POVERTY_RATE,Geographic Area,LN_MEDIAN_HH_INC
0,41200,38300,35100,University of Alabama at Birmingham,209403,22500,0.341223671,0.105086641,0.9211,1220,10.90999985,"birmingham , alabama",10.85999966
2,46700,41800,36200,University of Alabama in Huntsville,200574,21607,0.310132159,0.100460444,0.8087,1314,9.369999886,"huntsville , alabama",10.93000031
3,27700,25200,22600,Alabama State University,198525,32000,0.343434343,0.00798722,0.9774,972,16.95999908,"montgomery , alabama",10.67000008
4,44500,40300,37400,The University of Alabama,101129,23250,0.225712689,0.053705693,0.5906,1252,10.05000019,"tuscaloosa , alabama",10.89999962
5,33300,33500,30100,Auburn University at Montgomery,198525,24826,0.38189609,0.072967679,0.9281,1084,13,"montgomery , alabama",10.77999973
6,48800,44900,39500,Auburn University,66259,21281,0.172647119,0.022261976,0.7543,1289,9.590000153,"auburn , alabama",10.89999962
9,35400,32600,29700,Faulkner University,198525,24363,0.430031949,0.167610419,0.5227,1069,12.31000042,"montgomery , alabama",10.81000042
12,39900,36800,32600,Huntingdon College,198525,26399,0.3456,0.082840237,0.5841,1100,10.60999966,"montgomery , alabama",10.85000038
16,35200,33700,29300,University of Mobile,188720,27000,0.324285714,0.103174603,0.4704,1094,12.48999977,"mobile , alabama",10.81000042
17,29700,27900,21800,Oakwood University,200574,30676,0.17623498,0.042735043,0.6589,999,10.61999989,"huntsville , alabama",10.96000004
19,49900,42000,37500,Samford University,209403,20000,0.138055222,0.043224299,0.8208,1228,7.099999905,"birmingham , alabama",11.07999992
21,37800,35800,31500,University of South Alabama,188720,25000,0.334257975,0.061950697,0.7931,1186,12.5,"mobile , alabama",10.81000042
34,47700,43300,38300,Arizona State University-Tempe,195805,20278,0.381317921,0.150779706,0.8478,1240,7.710000038,"tempe , arizona",11.09000015
36,47300,40900,36900,University of Arizona,548073,20171,0.314072957,0.044080495,0.8442,1198,9.289999962,"tucson , arizona",10.98999977
61,32200,30300,32200,Arizona Christian University,252381,21938,0.382550336,0.064777328,0.5644,1032,7.190000057,"glendale , arizona",11.05000019
64,34900,33200,31200,University of Arkansas at Little Rock,197312,20937,0.391040462,0.171145317,0.7933,1099,10.96000004,"little rock , arkansas",10.81000042
70,44900,41700,37100,University of Arkansas,87590,21500,0.259961487,0.055938159,0.7747,1238,9.56000042,"fayetteville , arkansas",10.82999992
71,32200,30600,27500,Arkansas State University-Main Campus,78394,21250,0.388266797,0.133139405,0.7721,1189,13.39000034,"jonesboro , arkansas",10.61999989
72,47200,45100,47300,Baptist Health College Little Rock,197312,9500,0.416955017,0.2288,0.6667,1015,10.64999962,"little rock , arkansas",10.80000019
73,38300,34300,29600,University of Central Arkansas,67638,21500,0.345958922,0.050110538,0.911,1186,11.22999954,"conway , arkansas",10.76000023
74,35300,35300,30000,Central Baptist College,67638,24250,0.345549738,0.165484634,0.6074,1004,10.14000034,"conway , arkansas",10.80000019
111,42600,39500,34300,California Baptist University,331360,27000,0.416079812,0.149598133,0.7955,1103,9.909999847,"riverside , california",11.06999969
115,54200,45800,38500,California Lutheran University,126813,21831,0.353858785,0.062921348,0.7147,1163,6.489999771,"thousand oaks , california",11.27000046
119,44500,38500,33100,California State University-San Bernardino,215784,15000,0.596857816,0.0654149,0.5483,991,13.35999966,"san bernardino , california",10.94999981
120,54000,45900,39900,California State Polytechnic University-Pomona,151691,17050,0.492781664,0.03863189,0.5515,1143,11.09000015,"pomona , california",11.07999992
121,48100,42800,38200,California State University-Chico,103301,17000,0.473401298,0.052449749,0.6526,1092,9.630000114,"chico , california",10.96000004
122,48100,42800,38200,California State University-Chico,94371,17000,0.473401298,0.052449749,0.6526,1092,9.630000114,"chico , california",10.96000004
124,44700,38900,32400,California State University-Fresno,531576,14974,0.53245174,0.062479555,0.5753,1019,16.06999969,"fresno , california",10.82999992
125,47200,41000,35100,California State University-Fullerton,138632,14751,0.494455253,0.052136021,0.4341,1124,9.409999847,"fullerton , california",11.15999985
127,48100,42500,36500,California State University-Long Beach,462628,15000,0.486271676,0.036177418,0.3121,1146,11.93999958,"long beach , california",11.06000042
128,46100,40200,33700,California State University-Los Angeles,3979576,13750,0.615339372,0.047088823,0.4152,978,17.51000023,"los angeles , california",10.81999969
129,48900,44300,38600,California State University-Sacramento,513624,15320,0.490483319,0.066058236,0.6386,1030,10.14000034,"sacramento , california",11.03999996
130,64700,56800,48700,University of California-Berkeley,121363,13478,0.345800525,0.026002644,0.1484,1448,8.56000042,"berkeley , california",11.18999958
131,58200,49200,40400,University of California-Davis,69413,13000,0.408311428,0.022952586,0.4107,1292,8.539999962,"davis , california",11.18000031
132,58400,48800,41100,University of California-Irvine,287401,15488,0.439811172,0.015213317,0.2876,1316,8.710000038,"irvine , california",11.21000004
133,60700,54100,44500,University of California-Los Angeles,3979576,15000,0.380891393,0.01511783,0.1404,1423,10.07999992,"los angeles , california",11.13000011
134,49700,42000,33700,University of California-Riverside,331360,19000,0.483469907,0.01587115,0.5057,1229,11.28999996,"riverside , california",11.07999992
136,55300,46800,39000,University of California-Santa Barbara,91364,15000,0.424005811,0.006403249,0.322,1360,9.479999542,"santa barbara , california",11.14000034
137,46900,40700,33800,University of California-Santa Cruz,64608,18408,0.367497508,0.010544816,0.4737,1311,7.980000019,"santa cruz , california",11.21000004
158,54500,49600,43900,Chapman University,138669,20750,0.17877412,0.008690929,0.5356,1288,8.31000042,"orange , california",11.14999962
159,81900,70700,67100,Charles R Drew University of Medicine and Science,3979576,16427,0.47706422,0.096774194,0.3727,982,16.43000031,"los angeles , california",10.86999989
160,46400,40300,36000,Concordia University-Irvine,287401,23230,0.283863369,0.069296375,0.6178,1142,7.090000153,"irvine , california",11.23999977
161,36700,31600,27700,San Diego Christian College,58081,22798,0.408376963,0.200466201,0.6013,1055,8.289999962,"santee , california",11.07999992
181,55600,49400,44400,Dominican University of California,58440,27000,0.306122449,0.03219697,0.8717,1126,6.940000057,"san rafael , california",11.22999954
197,43900,37900,34900,Fresno Pacific University,531576,23000,0.465763195,0.283505155,0.8511,1053,15.25,"fresno , california",10.85000038
211,50800,43500,39600,Holy Names University,433031,24125,0.474903475,0.032679739,0.7004,849,9.569999695,"oakland , california",11.14000034
212,36600,31100,26200,Humboldt State University,57939,18000,0.44061178,0.030219019,0.7679,1074,10.92000008,"arcata , california",10.89000034
226,49500,41500,33700,La Sierra University,331360,27189,0.396158463,0.028183716,0.4709,1022,11.42000008,"riverside , california",11.01000023
231,41700,37800,35500,The Master's University and Seminary,212979,21500,0.22826087,0.11440678,0.7688,1143,7.840000153,"santa clarita , california",11.13000011
232,41700,37800,35500,The Master's University and Seminary,130365,21500,0.22826087,0.11440678,0.7688,1143,7.840000153,"santa clarita , california",11.13000011
236,61300,54300,45100,Loyola Marymount University,3979576,20500,0.22403734,0.012630423,0.4713,1321,8.600000381,"los angeles , california",11.19999981
244,39900,41300,34600,Mills College,433031,24716,0.331536388,0.03440367,0.8554,1158,9,"oakland , california",11.11999989
251,53200,53000,51900,Mount Saint Mary's University,3979576,25000,0.497259201,0.084714549,0.8382,1031,15.06999969,"los angeles , california",10.93000031
257,56400,47800,44300,Notre Dame de Namur University,51063,25000,0.458422175,0.085066163,0.8152,983,5.710000038,"belmont , california",11.35000038
263,36000,35200,29700,Hope International University,138632,24422,0.386313466,0.12038835,0.2945,1022,8.119999886,"fullerton , california",11.14000034
269,71700,62300,51700,University of the Pacific,312697,20500,0.350177305,0.024653313,0.6348,1240,9.18999958,"stockton , california",11.13000011
273,50900,48700,40800,Point Loma Nazarene University,1423851,22500,0.293117409,0.128624535,0.6893,1240,8.100000381,"san diego , california",11.13000011
279,55000,49500,43700,University of Redlands,71513,26036,0.352345906,0.103505843,0.7475,1189,9.18999958,"redlands , california",11.09000015
292,51000,44200,37700,San Diego State University,1423851,15497,0.411946193,0.058570661,0.3458,1213,9.479999542,"san diego , california",11.07999992
293,60000,58400,50100,University of San Diego,1423851,23049,0.248623131,0.030973451,0.5292,1285,6.599999905,"san diego , california",11.22999954
296,49200,44000,38000,San Francisco State University,881549,16010,0.482071243,0.030966469,0.7176,1054,7.829999924,"san francisco , california",11.21000004
297,62300,57400,50000,University of San Francisco,881549,23250,0.280120482,0.035014006,0.6455,1237,6.559999943,"san francisco , california",11.27000046
301,37300,35400,34000,William Jessup University,68823,21500,0.326889279,0.115755627,0.5853,1084,6.389999866,"rocklin , california",11.19999981
303,56100,49400,42200,San Jose State University,1021795,15526,0.49048135,0.040904472,0.5466,1143,6.980000019,"san jose , california",11.35000038
308,72600,69400,61100,Santa Clara University,212979,19917,0.16505895,0.014112903,0.4991,1366,5.46999979,"santa clara , california",11.39000034
309,72600,69400,61100,Santa Clara University,130365,19917,0.16505895,0.014112903,0.4991,1366,5.46999979,"santa clara , california",11.39000034
319,34500,32500,30500,Simpson University,92590,19775,0.375745527,0.221223022,0.5,1078,10.09000015,"redding , california",10.89000034
325,41800,38000,34700,Vanguard University of Southern California,113003,23250,0.358836207,0.066346154,0.4017,1039,7.829999924,"costa mesa , california",11.18999958
332,74000,64700,53800,University of Southern California,3979576,19459,0.24717833,0.01578532,0.1296,1445,8.75,"los angeles , california",11.18000031
345,48200,44000,34800,Woodbury University,102511,28750,0.409785933,0.044973545,0.6566,1056,13.14000034,"burbank , california",10.96000004
352,56400,48600,41500,University of Colorado Denver/Anschutz Medical Campus,727211,21467,0.379420488,0.107926829,0.6363,1132,5.599999905,"denver , colorado",11.15999985
353,43900,37600,34600,University of Colorado Colorado Springs,478221,20901,0.313405381,0.141327623,0.9118,1123,5.400000095,"colorado springs , colorado",11.11999989
355,50800,44200,39100,University of Colorado Boulder,105673,19500,0.203573185,0.02052005,0.8154,1281,4.519999981,"boulder , colorado",11.26000023
360,47100,41600,36800,Colorado State University-Fort Collins,170243,20500,0.242137123,0.045431852,0.8387,1197,5.110000134,"fort collins , colorado",11.15999985
366,56500,54700,44500,University of Denver,727211,20833,0.190306486,0.019754768,0.5647,1300,5.28000021,"denver , colorado",11.21000004
371,36800,33500,30700,Colorado Mesa University,63597,22287,0.393754962,0.078143785,0.8072,1022,7.070000172,"grand junction , colorado",10.89000034
372,40200,36800,34100,Metropolitan State University of Denver,727211,21250,0.404666575,0.108362924,0.5945,1016,6.050000191,"denver , colorado",11.13000011
375,42000,38100,33800,University of Northern Colorado,108649,20490,0.35173132,0.059033563,0.9075,1099,5.5,"greeley , colorado",11.14000034
380,56400,54300,50000,Regis University,727211,24968,0.36,0.245892952,0.6029,1160,5.480000019,"denver , colorado",11.17000008
383,37500,36500,33900,Colorado State University-Pueblo,112361,21709,0.408678103,0.103432494,0.952,1040,8.93999958,"pueblo , colorado",10.86999989
388,51200,48400,41400,Albertus Magnus College,130250,29250,0.533823529,0.129789864,0.5807,931,9.180000305,"new haven , connecticut",11.02000046
389,43100,38000,32300,University of Bridgeport,144399,26000,0.424291498,0.090482574,0.5724,997,11.64999962,"bridgeport , connecticut",10.97999954
390,47900,43200,39100,Central Connecticut State University,72495,21995,0.387482993,0.03959912,0.6724,1076,5.550000191,"new britain , connecticut",11.18999958
398,52100,45100,38600,University of New Haven,54620,27000,0.285648785,0.02045164,0.8387,1129,5.480000019,"west haven , connecticut",11.21000004
403,45300,41100,36800,Southern Connecticut State University,130250,22250,0.390459364,0.028481013,0.6623,1027,6.190000057,"new haven , connecticut",11.17000008
410,45800,43000,39400,Barry University,467963,28500,0.43556701,0.154628143,0.9125,1006,11.28999996,"miami , florida",10.92000008
412,39300,38300,33400,Lynn University,99805,17556,0.270096463,0.041979011,0.7045,1086,6.309999943,"boca raton , florida",11.19999981
416,29800,26200,27100,Johnson University Florida,72717,23250,0.254545455,0.128107075,0.6541,1006,8,"kissimmee , florida",10.94999981
417,45400,41400,37100,University of Central Florida,287442,18750,0.352640047,0.069376815,0.4253,1261,7.170000076,"orlando , florida",11
420,25900,25000,20400,Edward Waters College,911507,29000,0.504132231,0.030054645,0.5554,931,15.55000019,"jacksonville , florida",10.72999954
422,37600,32800,26800,Florida Agricultural and Mechanical University,194500,25000,0.365940948,0.011238892,0.3886,1097,13.10000038,"tallahassee , florida",10.81999969
423,43200,40500,36200,Florida Atlantic University,99805,17819,0.387772831,0.0653166,0.5932,1159,8.210000038,"boca raton , florida",11
428,56000,54700,54300,AdventHealth University,287442,24708,0.390205371,0.203102962,0.8689,1016,8.300000191,"orlando , florida",10.97000027
429,56600,47100,38000,Florida Institute of Technology,83029,26895,0.401340283,0.261528327,0.6504,1264,6.179999828,"melbourne , florida",11.07999992
431,46300,43000,38700,Florida International University,467963,17500,0.414037389,0.069418171,0.5856,1185,11.60000038,"miami , florida",10.92000008
435,41400,39200,36200,Florida Southern College,112136,25000,0.276198934,0.058773424,0.5023,1230,7.349999905,"lakeland , florida",10.97000027
436,46400,42300,36500,Florida State University,194500,19002,0.27636404,0.02250337,0.3678,1289,8.899999619,"tallahassee , florida",10.94999981
438,56000,48100,42600,University of Florida,133997,15867,0.307665825,0.049957026,0.3875,1362,8.729999542,"gainesville , florida",10.93999958
445,50500,44600,42700,Jacksonville University,911507,22025,0.356017192,0.204842932,0.8993,1185,7.670000076,"jacksonville , florida",11.01000023
456,60100,53900,47500,University of Miami,49700,17125,0.200959233,0.02631579,0.3215,1365,7.820000172,"coral gables , florida",11.10999966
460,43200,40100,35800,University of North Florida,911507,16341,0.31708351,0.082032022,0.6108,1195,7.119999886,"jacksonville , florida",11.01000023
461,45300,45000,42300,Nova Southeastern University,182437,23750,0.373340143,0.108378871,0.7854,1196,9.199999809,"fort lauderdale , florida",11
463,40600,38600,34700,Palm Beach Atlantic University,111955,22250,0.220037453,0.062937063,0.9529,1126,8.399999619,"west palm beach , florida",11.01000023
475,43500,40100,36800,University of South Florida-Main Campus,399700,18750,0.357541899,0.071628542,0.4263,1265,7.980000019,"tampa , florida",10.93999958
476,49400,41100,37400,St. Thomas University,110001,21761,0.412735849,0.089108911,0.515,1031,12.75,"miami gardens , florida",10.89000034
477,34800,33100,30000,Southeastern University,112136,22223,0.345852249,0.105086014,0.4807,1069,7.590000153,"lakeland , florida",10.96000004
481,48600,43400,39100,The University of Tampa,399700,24250,0.25237627,0.015293383,0.4869,1182,6.199999809,"tampa , florida",11.11999989
482,33600,28300,22900,Trinity Baptist College,911507,23250,0.340611354,0.077220077,0.6962,945,8.159999847,"jacksonville , florida",10.93999958
486,38900,34400,31500,The University of West Florida,52975,17250,0.361001318,0.163986355,0.4242,1189,9.279999733,"pensacola , florida",10.88000011
488,32200,30200,24500,Albany State University,72130,27000,0.335168617,0.077391834,0.905,865,14.09000015,"albany , georgia",10.81000042
498,35900,33200,28600,Columbus State University,195769,25992,0.329517863,0.12295082,0.5639,1019,10.71000004,"columbus , georgia",10.88000011
500,66000,59200,57500,Emory University,506811,16500,0.163870246,0.021773765,0.1852,1449,6.059999943,"atlanta , georgia",11.22999954
502,79100,69900,65500,Georgia Institute of Technology-Main Campus,506811,23000,0.149151318,0.019498607,0.2153,1465,6.269999981,"atlanta , georgia",11.19999981
503,43300,39400,35200,Georgia State University,506811,21665,0.323238139,0.066292192,0.7137,1160,7.78000021,"atlanta , georgia",11.13000011
505,35600,37100,30700,Life University,60867,13667,0.292110874,0.106090373,0.9363,979,7.699999809,"marietta , georgia",11.06000042
510,42100,37600,32100,Oglethorpe University,506811,27000,0.199240987,0.02292769,0.6164,1202,7.289999962,"atlanta , georgia",11.14999962
513,36400,33100,29400,Savannah College of Art and Design,144464,25166,0.176304211,0.027703307,0.7027,1157,7.019999981,"savannah , georgia",11.10999966
514,31300,27500,23600,Savannah State University,144464,31000,0.327964861,0.021668823,0.2918,1251,12.56999969,"savannah , georgia",10.85000038
518,38700,34500,31500,Valdosta State University,56457,25000,0.307543051,0.079499777,0.626,1076,10.73999977,"valdosta , georgia",10.89999962
524,39600,37000,30800,Northwest Nazarene University,99277,24188,0.338842975,0.18027735,0.7094,1148,7.389999866,"nampa , idaho",10.97000027
529,33500,31300,26200,School of the Art Institute of Chicago,2693976,26000,0.212636695,0.019517796,0.5855,1226,7.400000095,"chicago , illinois",11.13000011
530,42700,40500,37600,Aurora University,197757,21500,0.456946646,0.092584063,0.8116,1068,5.079999924,"aurora , illinois",11.22000027
531,53600,46900,42900,Bradley University,110417,27000,0.236043689,0.006896552,0.6681,1212,5.179999828,"peoria , illinois",11.15999985
536,33800,30800,29400,Chicago State University,2693976,32000,0.420245399,0.075604053,0.3276,972,17.21999931,"chicago , illinois",10.80000019
552,54300,47900,39600,University of Illinois at Chicago,2693976,17500,0.443977997,0.025081108,0.7555,1145,8.109999657,"chicago , illinois",11.13000011
554,61500,53600,47100,University of Illinois at Urbana-Champaign,88909,19000,0.2493021,0.006013843,0.6216,1338,5.599999905,"champaign , illinois",11.18999958
556,69100,63300,55800,Illinois Institute of Technology,2693976,25000,0.322376738,0.039637599,0.5818,1318,6.590000153,"chicago , illinois",11.15999985
560,42800,38900,35700,Judson University,110849,25000,0.356275304,0.160427808,0.7101,1086,5,"elgin , illinois",11.19999981
562,54100,48700,42700,Loyola University Chicago,2693976,24949,0.27686747,0.023385301,0.6792,1261,6.300000191,"chicago , illinois",11.18999958
570,42900,38600,33400,Millikin University,70746,27000,0.318478261,0.047426842,0.6126,1125,6.769999981,"decatur , illinois",11.02000046
574,47800,43300,37700,North Central College,148449,25000,0.265966047,0.014393939,0.5568,1083,3.579999924,"naperville , illinois",11.32999992
575,43700,40200,37400,North Park University,2693976,25375,0.369832402,0.051231527,0.4658,1080,7.869999886,"chicago , illinois",11.10999966
576,69000,63700,58900,Northwestern University,73473,15500,0.151571165,0.01543943,0.0847,1508,6,"evanston , illinois",11.25
577,37900,36000,32700,Northeastern Illinois University,2693976,14662,0.508688784,0.071361502,0.5563,995,11.56000042,"chicago , illinois",10.98999977
585,45200,40500,36600,Rockford University,145609,25000,0.418386492,0.083617747,0.4903,1088,6.820000172,"rockford , illinois",11.03999996
586,43600,40200,36800,Roosevelt University,2693976,23250,0.368379447,0.048353189,0.6485,1123,9.149999619,"chicago , illinois",11.10000038
589,53100,48700,44100,University of St Francis,147344,23500,0.423780488,0.080779944,0.4678,1129,4.800000191,"joliet , illinois",11.21000004
591,48200,43900,38100,Saint Xavier University,2693976,24091,0.493877551,0.033450704,0.7395,1061,7.510000229,"chicago , illinois",11.10000038
592,44600,39200,34800,University of Illinois at Springfield,114230,18831,0.362438221,0.146905295,0.5282,1129,7.53000021,"springfield , illinois",10.93999958
603,37200,35900,32000,Anderson University,54765,27000,0.231651376,0.072747014,0.6502,1094,5.400000095,"anderson , indiana",11.02999973
605,37800,34300,33400,Bethel University,50363,25000,0.324512535,0.143042913,0.9233,1086,6.340000153,"mishawaka , indiana",10.98999977
607,41800,40400,37800,University of Evansville,117979,26000,0.274590164,0.023106547,0.6948,1203,6.389999866,"evansville , indiana",10.98999977
609,36500,34400,30800,Purdue University Fort Wayne,270402,22803,0.351973684,0.053129346,0.9661,1080,5.690000057,"fort wayne , indiana",11
610,42700,40300,34600,Indiana Institute of Technology,270402,27000,0.53301495,0.14540691,0.6318,1013,7.260000229,"fort wayne , indiana",10.97999954
611,37000,34600,30900,University of Southern Indiana,117979,21500,0.354708798,0.039342337,0.9458,1094,6.75,"evansville , indiana",10.93000031
612,39000,35400,31800,Indiana State University,60622,23250,0.361903033,0.080895872,0.8991,1019,7.659999847,"terre haute , indiana",10.89999962
613,36200,35400,32300,Indiana University-Kokomo,58020,19561,0.402624309,0.137003841,0.7999,1047,5.789999962,"kokomo , indiana",10.98999977
614,34900,33200,29700,Indiana University-South Bend,102026,21500,0.410221619,0.06846473,0.819,1033,6.860000134,"south bend , indiana",10.96000004
615,47700,43600,39900,Indiana University-Bloomington,85755,19500,0.221149372,0.009482374,0.7691,1275,5.5,"bloomington , indiana",11.10000038
616,36300,32800,29100,Indiana University-Northwest,74879,23124,0.453766075,0.072302558,0.7961,1022,8.529999733,"gary , indiana",10.98999977
624,40400,38000,35100,University of Saint Francis-Fort Wayne,270402,25250,0.359433962,0.125110914,0.9342,1062,5.03000021,"fort wayne , indiana",11.02999973
630,41300,39900,37200,Clarke University,57882,26995,0.293506494,0.033816425,0.8248,1058,6.309999943,"dubuque , iowa",10.93000031
633,58300,50400,46800,Drake University,214237,23375,0.153005465,0.026132404,0.6766,1278,4.710000038,"des moines , iowa",11.11999989
634,39200,37200,34100,University of Dubuque,57882,25000,0.361220472,0.074506284,0.7303,998,6.840000153,"dubuque , iowa",10.94999981
638,43200,40000,37600,Grand View University,214237,24000,0.360204082,0.077281192,0.9198,1060,5.570000172,"des moines , iowa",11.01000023
645,50700,45300,41200,Iowa State University,66258,22635,0.199184015,0.016611628,0.906,1219,5.449999809,"ames , iowa",10.97999954
647,51900,47000,42200,University of Iowa,75130,22500,0.223128536,0.033312461,0.8267,1233,5.369999886,"iowa city , iowa",11.02000046
651,43700,39800,37400,Morningside College,82651,26625,0.234615385,0.112864078,0.5758,1135,6.53000021,"sioux city , iowa",10.89000034
652,45300,44800,42800,Mount Mercy University,133562,23016,0.288198758,0.150574713,0.6281,1120,4.75,"cedar rapids , iowa",11.01000023
657,47300,44000,38800,Saint Ambrose University,101590,25000,0.284457478,0.055452865,0.6269,1132,6.150000095,"davenport , iowa",11.02000046
668,41800,40000,38300,Friends University,389938,23250,0.357627119,0.138845554,0.4735,1078,7.039999962,"wichita , kansas",10.96000004
674,48800,44600,39200,University of Kansas,98193,21375,0.222240207,0.03902663,0.9171,1250,5.239999771,"lawrence , kansas",11.10000038
675,44000,39900,38000,Newman University,389938,19976,0.394,0.171171171,0.6182,1143,6.949999809,"wichita , kansas",10.98999977
681,42900,40000,41700,MidAmerica Nazarene University,140545,15625,0.322496749,0.196702002,0.5853,1104,5.519999981,"olathe , kansas",11.09000015
685,40400,38800,36000,Wichita State University,389938,21478,0.363389328,0.121191756,0.965,1152,6.900000095,"wichita , kansas",10.96000004
689,40100,32400,29700,Brescia University,60131,29250,0.45210728,0.255574614,0.3855,1118,10.21000004,"owensboro , kentucky",10.81000042
691,34700,32300,28200,Western Kentucky University,70543,22928,0.35703728,0.083066117,0.9721,1162,10.86999989,"bowling green , kentucky",10.77999973
706,50100,44800,40200,Louisiana State University and Agricultural & Mechanical College,220236,20500,0.266491985,0.019044871,0.7423,1242,11.57999992,"baton rouge , louisiana",10.89999962
707,35700,36100,32800,Louisiana State University-Shreveport,187112,21250,0.402714932,0.136326531,0.8652,1133,14.35999966,"shreveport , louisiana",10.73999977
710,47100,38300,31700,Loyola University New Orleans,390144,26000,0.192807193,0.012138189,0.9431,1192,9.220000267,"new orleans , louisiana",11.05000019
711,38200,36600,32600,McNeese State University,78396,21751,0.384801549,0.074672489,0.7032,1127,14.47999954,"lake charles , louisiana",10.72999954
712,37800,34500,31500,University of New Orleans,390144,17500,0.406360424,0.049031238,0.5726,1136,14,"new orleans , louisiana",10.81999969
715,47200,45400,45100,Franciscan Missionaries of Our Lady University,220236,24687,0.473602485,0.219409283,0.592,1120,12.52000046,"baton rouge , louisiana",10.85000038
720,34700,30900,27300,Southern University and A & M College,220236,31000,0.396600567,0.017757009,0.3724,1019,18.37000084,"baton rouge , louisiana",10.67000008
721,28600,25000,24800,Southern University at New Orleans,390144,31031,0.496009122,0.054716981,0.3009,925,19.72999954,"new orleans , louisiana",10.64999962
723,39900,36600,32800,University of Louisiana at Lafayette,126185,21426,0.384858044,0.071235195,0.5599,1202,15.47999954,"lafayette , louisiana",10.72000027
724,61700,51600,42800,Tulane University of Louisiana,390144,21370,0.180011689,0.054353855,0.1733,1428,9.210000038,"new orleans , louisiana",11.06000042
728,38700,36200,33000,University of Southern Maine,66215,20500,0.328369906,0.08357453,0.8543,1050,7.03000021,"portland , maine",10.93999958
731,58000,55000,41300,University of Baltimore,593490,21500,0.399002494,0.114730878,0.784,1020,8.93999958,"baltimore , maryland",11.02999973
733,38100,34500,28500,Coppin State University,593490,24076,0.472,0.080116533,0.3821,958,13.56000042,"baltimore , maryland",10.84000015
738,73200,69300,62700,Johns Hopkins University,593490,15500,0.131271478,0.036423841,0.1148,1513,6.179999828,"baltimore , maryland",11.22999954
741,55000,48200,40800,University of Maryland-Baltimore County,593490,19875,0.274018127,0.047003848,0.5794,1274,4.920000076,"baltimore , maryland",11.27999973
744,40500,33200,27900,Morgan State University,593490,29473,0.33101188,0.030474841,0.6625,998,10.52000046,"baltimore , maryland",11
746,51800,42200,42400,Notre Dame of Maryland University,593490,22880,0.40942928,0.205949657,0.8763,1069,6.710000038,"baltimore , maryland",11.11999989
750,46000,40900,37600,American International College,153606,27000,0.405737705,0.037426901,0.6839,1010,10.44999981,"springfield , massachusetts",10.97999954
756,43800,36800,34600,Becker College,185428,26000,0.329067642,0.054375531,0.6634,1087,7.159999847,"worcester , massachusetts",11.09000015
761,65300,56900,49200,Boston University,692600,25000,0.169382716,0.008585738,0.2209,1420,5.769999981,"boston , massachusetts",11.26000023
770,42300,38200,34500,Eastern Nazarene College,94470,26500,0.300940439,0.068493151,0.6368,1054,7.130000114,"quincy , massachusetts",11.10000038
775,45800,42200,36300,Framingham State University,74416,25000,0.322507123,0.033384694,0.7329,1046,4.510000229,"framingham , massachusetts",11.27000046
777,89700,84100,70300,Harvard University,118927,13750,0.25708061,0.063589744,0.0473,1520,7.769999981,"cambridge , massachusetts",11.17000008
781,38700,35600,32200,Lesley University,118927,22748,0.28742515,0.066964286,0.7572,1128,6.550000191,"cambridge , massachusetts",11.14999962
784,53300,47400,41600,University of Massachusetts-Lowell,110997,25000,0.317661488,0.069866568,0.7183,1240,6.539999962,"lowell , massachusetts",11.19999981
786,116000,103300,75700,MCPHS University,692600,25500,0.304878049,0.045092838,0.9348,1144,6.940000057,"boston , massachusetts",11.14000034
801,67400,61100,54400,Northeastern University,692600,24855,0.185158151,0.04455217,0.1934,1466,5.690000057,"boston , massachusetts",11.23999977
803,46200,44700,43100,College of Our Lady of the Elms,55126,25000,0.351664255,0.116429496,0.6747,1070,9.180000305,"chicopee , massachusetts",10.96000004
810,55800,49500,47200,Simmons University,692600,25000,0.203939745,0.025527192,0.6972,1228,6.059999943,"boston , massachusetts",11.19999981
811,45100,42200,38500,Springfield College,153606,26000,0.313887128,0.106703911,0.6317,1156,9.729999542,"springfield , massachusetts",11
814,53100,46800,42300,Suffolk University,692600,27000,0.296502788,0.016301817,0.8533,1131,6.079999924,"boston , massachusetts",11.18999958
817,65100,57900,53300,Wentworth Institute of Technology,692600,26000,0.24718398,0.023738872,0.7604,1183,5.420000076,"boston , massachusetts",11.19999981
818,54900,48400,44900,Western New England University,153606,26968,0.245495496,0.007022472,0.8537,1160,5.150000095,"springfield , massachusetts",11.18999958
825,44800,41800,36200,Calvin University,201013,23000,0.13225256,0.012468828,0.7897,1270,5.46999979,"grand rapids , michigan",11.13000011
831,39100,36000,28700,Concordia University-Ann Arbor,119980,25000,0.318387909,0.117457393,0.4885,1085,5.5,"ann arbor , michigan",11.13000011
832,44100,39500,32800,College for Creative Studies,670031,27000,0.228360958,0.024221453,0.4216,1097,6.550000191,"detroit , michigan",11.14999962
835,47100,46700,45100,University of Detroit Mercy,670031,24250,0.287119857,0.075060533,0.8298,1163,10.15999985,"detroit , michigan",11.01000023
840,35400,34500,32900,Cornerstone University,201013,26168,0.347674419,0.210355987,0.7339,1089,7.809999943,"grand rapids , michigan",11.02000046
848,55300,49600,46300,Lawrence Technological University,72689,27000,0.222772277,0.040435459,0.7772,1174,6.420000076,"southfield , michigan",11.14999962
850,40900,39800,38200,Madonna University,93665,25000,0.417675545,0.111471862,0.7827,1078,6.639999866,"livonia , michigan",11.14999962
852,35300,32400,31600,Rochester University,74516,23000,0.405923345,0.142857143,1,1002,7.159999847,"rochester hills , michigan",11.13000011
853,63400,57500,49800,University of Michigan-Ann Arbor,119980,17500,0.205721846,0.023237557,0.2283,1434,5.889999866,"ann arbor , michigan",11.18999958
855,48600,40600,37600,University of Michigan-Dearborn,93932,23750,0.381810382,0.078888054,0.7797,1195,8.739999771,"dearborn , michigan",11.06999969
856,40600,37100,32500,University of Michigan-Flint,95538,26000,0.367940199,0.148277197,0.6626,1097,7.760000229,"flint , michigan",11.03999996
857,43100,41100,36000,Oakland University,74516,24366,0.324252609,0.046957672,0.8391,1145,5.739999771,"rochester hills , michigan",11.22000027
868,40800,37100,32600,Wayne State University,670031,22250,0.376020088,0.050577628,0.7115,1127,11.52999973,"detroit , michigan",10.96000004
870,45000,38200,32300,Western Michigan University,76200,26000,0.293124066,0.04381299,0.811,1107,5.599999905,"kalamazoo , michigan",11.10000038
875,46800,44100,38200,Augsburg University,429606,25000,0.289012004,0.054644809,0.6896,1110,5.050000191,"minneapolis , minnesota",11.14999962
881,51900,47500,41800,University of Minnesota-Twin Cities,429606,19500,0.186560199,0.023332048,0.5187,1336,5.320000172,"minneapolis , minnesota",11.11999989
885,47200,44000,38500,University of Minnesota-Duluth,85618,22500,0.183406114,0.013326499,0.7432,1172,4.949999809,"duluth , minnesota",11.07999992
888,34600,32700,28000,North Central University,429606,25000,0.221030043,0.030549898,0.9004,1107,5.789999962,"minneapolis , minnesota",11.03999996
891,51400,49200,44900,The College of Saint Scholastica,85618,20500,0.28496732,0.218487395,0.6618,1150,6,"duluth , minnesota",10.97000027
900,30000,28000,25100,Jackson State University,160628,30488,0.319721718,0.041622199,0.6893,1018,19.13999939,"jackson , mississippi",10.61999989
903,44100,38800,37600,Avila University,495327,26376,0.36746988,0.097127223,0.5456,1080,5.940000057,"kansas city , missouri",11.06999969
907,36800,32200,26300,Calvary University,495327,18538,0.346153846,0.271929825,0.6707,1117,8.659999847,"kansas city , missouri",10.93000031
911,32200,30200,27700,Drury University,167882,21000,0.412763069,0.26739262,0.6824,1227,10.21000004,"springfield , missouri",10.68999958
921,33300,31300,29500,Missouri Southern State University,50925,19006,0.452233927,0.147406435,0.9562,1085,9.829999924,"joplin , missouri",10.72000027
922,48300,43700,39400,University of Missouri-Columbia,123195,21500,0.200520833,0.01807564,0.7784,1244,6.239999771,"columbia , missouri",11.03999996
923,45700,41900,38300,University of Missouri-Kansas City,495327,18750,0.33704246,0.085298013,0.5648,1204,7.360000134,"kansas city , missouri",10.98999977
925,30500,29900,24400,Ozark Christian College,50925,21500,0.25862069,0.044897959,0.5755,1163,8.140000343,"joplin , missouri",10.85999966
927,50800,48300,42000,Rockhurst University,495327,22000,0.206070288,0.02587519,0.6612,1204,5.78000021,"kansas city , missouri",11.07999992
930,33900,31200,30200,Stephens College,123195,27000,0.308962264,0.08172043,0.5886,1138,7.510000229,"columbia , missouri",10.97000027
931,39300,36300,32000,Missouri State University-Springfield,167882,22522,0.322557676,0.075281804,0.8497,1169,7.639999866,"springfield , missouri",10.88000011
936,35500,32400,29300,The University of Montana,75516,22500,0.302325581,0.080303427,0.882,1150,9.840000153,"missoula , montana",10.78999996
937,38800,39100,30100,Rocky Mountain College,109577,25580,0.315334773,0.042769857,0.5845,1119,10.97999954,"billings , montana",10.80000019
939,49300,48200,49000,Clarkson College,478192,26500,0.333333333,0.214446953,0.4068,1035,5.730000019,"omaha , nebraska",10.97999954
943,59700,51400,47500,Creighton University,478192,25000,0.183839881,0.039285714,0.7144,1276,5.650000095,"omaha , nebraska",11.07999992
947,48700,49900,47100,Nebraska Methodist College of Nursing & Allied Health,478192,25000,0.302970297,0.21641791,0.907,1140,4.929999828,"omaha , nebraska",11.06000042
949,44200,40400,35500,University of Nebraska at Omaha,478192,19724,0.347865577,0.069343066,0.8168,1135,5.360000134,"omaha , nebraska",11.05000019
952,46000,41700,37300,Nebraska Wesleyan University,289102,26899,0.262295082,0.078539823,0.7208,1199,5.690000057,"lincoln , nebraska",10.94999981
953,46400,41300,37200,University of Nebraska-Lincoln,289102,21250,0.220236292,0.017521183,0.7961,1236,5.940000057,"lincoln , nebraska",10.97000027
962,45000,41100,36500,University of Nevada-Las Vegas,651319,18750,0.423497963,0.069285633,0.8204,1113,7.25,"las vegas , nevada",11.10999966
963,47000,42400,37700,University of Nevada-Reno,255601,19500,0.384629803,0.043091655,0.8815,1172,6.380000114,"reno , nevada",11.09000015
967,51400,47100,42400,University of New Hampshire at Manchester,112673,27000,0.174486235,0.012779553,0.6757,1114,4.130000114,"manchester , new hampshire",11.22000027
978,42700,37700,33400,New Jersey City University,262075,18284,0.530394122,0.083422175,0.9585,955,12.72000027,"jersey city , new jersey",10.93000031
982,68500,59400,53600,New Jersey Institute of Technology,282011,21800,0.344036697,0.038894575,0.6366,1287,7.800000191,"newark , new jersey",11.17000008
985,57900,51500,44300,Rutgers University-Camden,73562,21769,0.345829486,0.037222222,0.7138,1086,6.019999981,"camden , new jersey",11.27000046
986,57900,51500,44300,Rutgers University-New Brunswick,55676,21769,0.345829486,0.037222222,0.6011,1303,6.019999981,"new brunswick , new jersey",11.27000046
987,57900,51500,44300,Rutgers University-Newark,282011,21769,0.345829486,0.037222222,0.6274,1105,6.019999981,"newark , new jersey",11.27000046
990,45800,40400,33400,Saint Peter's University,262075,22433,0.480257117,0.039711191,0.7424,1032,11.57999992,"jersey city , new jersey",11
996,36400,33200,28100,University of New Mexico-Main Campus,560513,18750,0.410344389,0.086154195,0.6961,1120,15.77000046,"albuquerque , new mexico",10.75
997,34600,29700,24800,New Mexico State University-Main Campus,103432,19123,0.4362587,0.105964912,0.6566,1050,17.79999924,"las cruces , new mexico",10.64999962
1019,47300,42100,36100,Canisius College,255284,23734,0.230550285,0.008984726,0.787,1169,7.150000095,"buffalo , new york",10.97999954
1026,83300,74400,66500,Columbia University in the City of New York,8336817,21500,0.250490517,0.062424242,0.0591,1512,8.779999733,"new york , new york",11.17000008
1031,57200,51100,44600,CUNY Bernard M Baruch College,8336817,11500,0.510776362,0.05066475,0.3929,1305,17.48999977,"new york , new york",10.81999969
1033,46300,39800,32400,CUNY City College,8336817,11500,0.459653179,0.041666667,0.4827,1155,21.60000038,"new york , new york",10.71000004
1035,47200,41700,35200,CUNY Hunter College,8336817,12333,0.469446738,0.043314809,0.3642,1240,16.98999977,"new york , new york",10.85000038
1036,44900,37400,31700,CUNY John Jay College of Criminal Justice,8336817,11000,0.484925789,0.041832325,0.4058,1060,19.87999916,"new york , new york",10.77000046
1037,46400,44800,46200,D'Youville College,255284,25500,0.270886076,0.079861111,0.996,1072,12.10999966,"buffalo , new york",10.80000019
1051,49600,44600,38700,Le Moyne College,142327,24250,0.222900763,0.025824964,0.688,1189,8.130000114,"syracuse , new york",10.96000004
1056,39400,35900,31800,Medaille College,255284,24750,0.39199157,0.083562902,0.6348,987,9.050000191,"buffalo , new york",10.89000034
1067,33900,31800,32700,The College of New Rochelle,78557,25000,0.45819398,0.121969697,0.8254,982,26.05999947,"new rochelle , new york",10.56000042
1068,44500,41700,37500,The New School,8336817,23500,0.194401244,0.023717328,0.5673,1265,8.979999542,"new york , new york",11.14999962
1072,61900,56700,48900,New York University,8336817,20500,0.214884345,0.019868586,0.1999,1419,7.400000095,"new york , new york",11.23999977
1075,41300,37700,32200,Nyack College,8336817,26000,0.37394958,0.109839817,0.9825,999,13.5,"new york , new york",10.94999981
1077,60300,52600,42400,Pace University,8336817,25000,0.294117647,0.030443055,0.7587,1154,9.609999657,"new york , new york",11.14000034
1078,82000,71600,66100,Rensselaer Polytechnic Institute,49154,25000,0.137450199,0.005769231,0.4299,1415,5.860000134,"troy , new york",11.17000008
1079,40900,39500,33700,Roberts Wesleyan College,205695,22250,0.272030651,0.155294118,0.6461,1129,7.25,"rochester , new york",10.97999954
1080,62400,54100,46500,Rochester Institute of Technology,205695,27000,0.194684529,0.010049221,0.6602,1319,6.539999962,"rochester , new york",11.09000015
1081,61200,51800,44800,University of Rochester,205695,19000,0.186765615,0.018012783,0.2942,1422,6.260000229,"rochester , new york",11.17000008
1092,47800,46600,40100,Saint John Fisher College,205695,23250,0.252199414,0.031944444,0.6445,1171,6.800000191,"rochester , new york",11.02000046
1093,51500,44900,38700,SUNY at Albany,96460,19873,0.300894266,0.014551084,0.5208,1185,8.100000381,"albany , new york",11.09000015
1094,52600,47500,40800,University at Buffalo,255284,19150,0.280619112,0.01779186,0.5585,1250,8.25,"buffalo , new york",11
1096,51000,43900,40300,SUNY Polytechnic Institute,59750,17500,0.305241521,0.070678128,0.6484,1176,9.619999886,"utica , new york",10.85000038
1097,39800,35900,31500,SUNY Buffalo State,255284,21250,0.340175953,0.023021583,0.6052,950,10.48999977,"buffalo , new york",10.85999966
1101,62100,53200,45900,Syracuse University,142327,27000,0.188679245,0.018070928,0.4986,1284,7.550000191,"syracuse , new york",11.14000034
1117,48600,49600,41600,Cabarrus College of Health Sciences,96341,18743,0.369918699,0.2,0.4107,1083,5.949999809,"concord , north carolina",11
1122,84400,77400,76300,Duke University,278993,12582,0.134588564,0.040187542,0.0891,1516,6.349999905,"durham , north carolina",11.18999958
1124,40500,37800,34900,East Carolina University,93400,24409,0.264602804,0.07524405,0.822,1124,9.399999619,"greenville , north carolina",10.90999985
1125,40500,37800,34900,East Carolina University,70635,24409,0.264602804,0.07524405,0.822,1124,9.399999619,"greenville , north carolina",10.90999985
1127,31200,28600,24800,Fayetteville State University,211657,23208,0.408954101,0.221314155,0.6787,987,11.98999977,"fayetteville , north carolina",10.78999996
1129,36900,34100,29900,Greensboro College,296710,25000,0.315978456,0.044045677,0.4446,1021,7.039999962,"greensboro , north carolina",11.02000046
1132,28400,26100,24600,Johnson C Smith University,885708,31000,0.364417178,0.035294118,0.4583,897,12.06999969,"charlotte , north carolina",10.89999962
1134,39500,36200,33800,Meredith College,474069,25000,0.219948849,0.045673077,0.6257,1117,6.789999962,"raleigh , north carolina",11.06000042
1135,39300,36500,31000,Methodist University,211657,27000,0.32068654,0.180300501,0.5469,1060,8.609999657,"fayetteville , north carolina",10.93000031
1139,34700,31500,27600,North Carolina A & T State University,296710,27706,0.280862182,0.029172455,0.6143,1032,10.72999954,"greensboro , north carolina",10.89000034
1140,34500,31800,28400,University of North Carolina at Asheville,92870,21484,0.218398412,0.051493961,0.9363,1179,7.940000057,"asheville , north carolina",10.89999962
1141,44000,40500,35900,University of North Carolina at Charlotte,885708,22623,0.284007255,0.048978783,0.6683,1190,6.769999981,"charlotte , north carolina",11.05000019
1142,37500,35000,32100,University of North Carolina at Greensboro,296710,22695,0.312764505,0.074229865,0.8384,1100,7.539999962,"greensboro , north carolina",10.97999954
1143,32900,28600,26800,North Carolina Central University,278993,30569,0.328661995,0.058218171,0.4664,984,10.48999977,"durham , north carolina",10.92000008
1145,52500,45600,41200,North Carolina State University at Raleigh,474069,20500,0.192916738,0.033175356,0.4685,1336,7.360000134,"raleigh , north carolina",11.02000046
1146,38600,34200,30800,North Carolina Wesleyan College,53922,21618,0.467706013,0.171730515,0.6279,980,10.15999985,"rocky mount , north carolina",10.89999962
1147,41600,37700,35000,University of North Carolina Wilmington,123744,20175,0.258978452,0.105869032,0.6125,1234,7.730000019,"wilmington , north carolina",10.98999977
1148,36000,32200,28600,William Peace University,474069,25000,0.293680297,0.071547421,0.5713,1042,8.090000153,"raleigh , north carolina",11.01000023
1149,42200,40600,40900,Queens University of Charlotte,885708,25000,0.219033233,0.075498576,0.7854,1142,6.420000076,"charlotte , north carolina",11.10999966
1151,36300,34700,30900,Salem College,247945,27000,0.32731377,0.099593496,0.3947,1183,7.579999924,"winston-salem , north carolina",10.96000004
1160,33200,30600,27800,Winston-Salem State University,247945,25000,0.353559871,0.066208394,0.6531,962,10.17000008,"winston-salem , north carolina",10.88000011
1164,48000,46300,44300,University of Mary,73529,22500,0.178683386,0.088264794,0.779,1138,9.359999657,"bismarck , north dakota",10.80000019
1166,48700,46800,41700,University of North Dakota,55839,23265,0.191217343,0.089599162,0.8221,1181,7.340000153,"grand forks , north dakota",10.89999962
1167,48200,44900,40400,North Dakota State University-Main Campus,124662,23250,0.172780797,0.024437299,0.9253,1170,6.590000153,"fargo , north dakota",10.89000034
1172,36500,35000,30700,University of Akron Main Campus,197597,24733,0.363649786,0.039033711,0.6893,1133,8.119999886,"akron , ohio",10.93999958
1176,60500,55200,54700,Aultman College of Nursing and Health Sciences,70447,18500,0.524017467,0.18852459,0.7463,1085,6.679999828,"canton , ohio",10.92000008
1179,44000,39700,34900,Capital University,898553,26505,0.275147929,0.049157303,0.7302,1162,6.789999962,"columbus , ohio",11.02999973
1184,32700,29700,28500,Cincinnati Christian University,303940,25125,0.331619537,0.058252427,0.4158,991,7.230000019,"cincinnati , ohio",10.98999977
1186,42300,38700,35800,University of Cincinnati-Main Campus,303940,22000,0.309751925,0.073332269,0.7312,1269,7.110000134,"cincinnati , ohio",11.02999973
1191,41300,38100,34100,Cleveland State University,381009,22250,0.383755459,0.058076801,0.8834,1111,9.920000076,"cleveland , ohio",10.89999962
1197,55100,51700,44600,University of Dayton,140407,25000,0.102412188,0.006257822,0.7154,1263,4.710000038,"dayton , ohio",11.18000031
1202,52600,48500,48200,Good Samaritan College of Nursing and Health Science,303940,20152,0.456896552,0.153543307,0.4444,1105,6.039999962,"cincinnati , ohio",11.03999996
1209,54500,52700,48800,Kettering College,54855,28000,0.402684564,0.207667732,0.2663,1125,5.730000019,"kettering , ohio",11.02999973
1211,41700,38700,34600,Malone University,70447,25500,0.327089337,0.090909091,0.6969,1110,6.539999962,"canton , ohio",10.94999981
1215,57700,56900,55500,Mount Carmel College of Nursing,898553,22082,0.39408867,0.134570766,0.7818,1070,6.269999981,"columbus , ohio",11.09000015
1216,41400,37300,34400,Mount Saint Joseph University,303940,27000,0.378138848,0.0802213,0.6032,1122,6.380000114,"cincinnati , ohio",11.02999973
1220,42600,35900,34800,Notre Dame College,381009,26000,0.329171396,0.091578947,0.8965,994,8.210000038,"cleveland , ohio",10.96000004
1222,41000,39200,34900,Ohio Dominican University,898553,26417,0.379146919,0.085880641,0.7535,1096,7.300000191,"columbus , ohio",11.03999996
1226,46100,41900,37900,Ohio State University-Main Campus,898553,21000,0.262238654,0.031000242,0.5197,1359,6.510000229,"columbus , ohio",11.03999996
1231,43800,39600,33400,University of Toledo,272779,22500,0.33446273,0.044173074,0.9365,1145,7.769999981,"toledo , ohio",10.97000027
1236,39500,35900,31800,Wright State University-Main Campus,140407,23861,0.351262948,0.055865922,0.949,1100,6.550000191,"dayton , ohio",11
1237,51600,47300,40700,Xavier University,303940,25000,0.160334836,0.032817338,0.7379,1198,6.46999979,"cincinnati , ohio",11.07999992
1238,35900,32800,28500,Youngstown State University,65469,25000,0.384373488,0.040888889,0.6877,1083,9.199999809,"youngstown , ohio",10.81000042
1242,38800,36700,34000,University of Central Oklahoma,94054,20500,0.371907267,0.092681198,0.7822,1105,9.350000381,"edmond , oklahoma",10.86999989
1245,34500,32900,26500,Randall University,62055,26000,0.40201005,0.163865546,0.505,1034,10.10999966,"moore , oklahoma",10.81000042
1248,38500,34100,32300,Oklahoma Christian University,94054,25250,0.178417266,0.030470914,0.6476,1165,7.46999979,"edmond , oklahoma",11.01000023
1250,46500,43700,38300,Oklahoma State University-Main Campus,50299,20500,0.286319613,0.0573712,0.7379,1209,9.010000229,"stillwater , oklahoma",10.85999966
1253,42800,39400,35300,Oklahoma City University,655057,21486,0.267935578,0.134246575,0.7618,1230,9.020000458,"oklahoma city , oklahoma",10.92000008
1254,51100,46500,42400,University of Oklahoma-Norman Campus,124880,21000,0.283689099,0.093477929,0.7769,1249,8.5,"norman , oklahoma",10.93000031
1255,37600,34100,29900,Oral Roberts University,401190,26250,0.309352518,0.121031746,0.805,1120,7.809999943,"tulsa , oklahoma",11.01000023
1259,48500,44000,39800,University of Tulsa,401190,25000,0.228494624,0.042471043,0.4077,1321,7.329999924,"tulsa , oklahoma",10.98999977
1265,43300,39700,38900,Concordia University-Portland,654741,20500,0.378176383,0.156675749,0.6031,1074,7.630000114,"portland , oregon",11.02999973
1277,43100,37300,32800,Northwest Christian University,172622,23283,0.347692308,0.237288136,0.6242,1058,8.909999847,"eugene , oregon",10.85000038
1280,49600,43500,37700,Oregon State University,58856,22286,0.31369606,0.115461026,0.8063,1205,7.5,"corvallis , oregon",10.97999954
1281,44800,40800,35600,University of Oregon,172622,20500,0.284458575,0.030175439,0.8337,1199,7.28000021,"eugene , oregon",11
1288,44700,40000,34500,Portland State University,654741,21500,0.391093011,0.111816579,0.902,1111,7.110000134,"portland , oregon",11.02000046
1289,58800,53500,53800,University of Portland,654741,24390,0.179279279,0.015625,0.7533,1232,6.579999924,"portland , oregon",11.09000015
1293,37600,34600,29700,Corban University,174365,24250,0.225242718,0.037174721,0.9091,1123,7.510000229,"salem , oregon",10.98999977
1301,44500,40800,36000,Alvernia University,88375,27000,0.45004583,0.109926169,0.6838,1042,8.489999771,"reading , pennsylvania",10.94999981
1304,39700,38800,36700,Carlow University,300286,27000,0.368357488,0.105434783,0.8664,1092,8.489999771,"pittsburgh , pennsylvania",10.84000015
1306,46700,40900,39100,Cedar Crest College,121442,28750,0.433681073,0.14021164,0.5719,1065,5.949999809,"allentown , pennsylvania",11.06000042
1308,43600,38100,33300,Chestnut Hill College,1584064,26951,0.444010417,0.077777778,0.9603,1026,10.73999977,"philadelphia , pennsylvania",10.94999981
1311,68800,60400,53400,Drexel University,1584064,26146,0.292285479,0.071865443,0.7694,1281,6.46999979,"philadelphia , pennsylvania",11.14999962
1312,58500,52000,48700,Duquesne University,300286,27000,0.172968624,0.013137558,0.7185,1229,6.449999809,"pittsburgh , pennsylvania",10.97000027
1318,48100,44400,38400,Gannon University,95508,27000,0.260667904,0.018292683,0.8085,1129,7.670000076,"erie , pennsylvania",10.86999989
1320,52700,47100,40400,Holy Family University,1584064,25000,0.463039014,0.060550459,0.7198,1017,8.5,"philadelphia , pennsylvania",10.97999954
1324,40400,38400,33200,La Roche University,300286,25000,0.356913183,0.074130106,0.9939,1008,6.550000191,"pittsburgh , pennsylvania",10.97000027
1327,34300,29500,29000,Lancaster Bible College,59265,20500,0.354966887,0.214953271,0.6357,1106,5.349999905,"lancaster , pennsylvania",11.05000019
1330,81900,71700,66200,Lehigh University,75815,23250,0.168765743,0.019872814,0.2233,1380,4.039999962,"bethlehem , pennsylvania",11.32999992
1334,39600,35800,34000,Marywood University,76653,27000,0.294964029,0.031674208,0.7636,1107,6.869999886,"scranton , pennsylvania",10.92000008
1340,51100,45700,40800,Moravian College,75815,27000,0.292123629,0.026217229,0.7282,1129,4.440000057,"bethlehem , pennsylvania",11.18999958
1341,59400,52400,45200,Muhlenberg College,121442,26250,0.157670455,0.046448087,0.6179,1281,4.25,"allentown , pennsylvania",11.34000015
1344,50100,45800,40100,Pennsylvania State University-Penn State Erie-Behrend College,95508,25928,0.287565253,0.074611181,0.8912,1171,6.789999962,"erie , pennsylvania",11
1345,50100,45800,40100,Pennsylvania State University-Penn State Berks,88375,25928,0.287565253,0.074611181,0.8723,1107,6.789999962,"reading , pennsylvania",11
1350,85900,76700,71600,University of Pennsylvania,1584064,18250,0.187635106,0.036580354,0.0841,1492,7.010000229,"philadelphia , pennsylvania",11.18000031
1355,53900,44600,39500,University of Pittsburgh-Pittsburgh Campus,300286,25125,0.209672003,0.017534538,0.5927,1367,6.889999866,"pittsburgh , pennsylvania",10.93000031
1358,37100,34500,30000,Point Park University,300286,27000,0.292798111,0.078158458,0.6507,1098,8.720000267,"pittsburgh , pennsylvania",10.85000038
1360,63800,57100,56500,Reading Hospital School of Health Sciences,88375,18022,0.528888889,0.184100418,0.2992,1033,5.139999866,"reading , pennsylvania",11.06000042
1364,59600,55000,48400,Saint Joseph's University,1584064,25116,0.175101803,0.035634744,0.7632,1214,5.809999943,"philadelphia , pennsylvania",11.22000027
1365,57500,52600,45100,University of Scranton,76653,27000,0.203472222,0.00730897,0.7319,1209,5.519999981,"scranton , pennsylvania",11.14000034
1372,80300,72500,69000,Thomas Jefferson University,1584064,20563,0.329798515,0.077142857,0.5827,1163,7.860000134,"philadelphia , pennsylvania",11.03999996
1383,64100,55100,48700,Providence College,179883,27000,0.146440129,0.014797508,0.4897,1294,4.889999866,"providence , rhode island",11.27000046
1384,41400,38300,33600,Rhode Island College,179883,21363,0.447087211,0.051821143,0.7346,994,8.670000076,"providence , rhode island",10.97999954
1390,36900,32000,30100,Charleston Southern University,137566,27000,0.307181654,0.091934574,0.5205,1130,9.789999962,"charleston , south carolina",10.92000008
1395,40700,37700,33000,College of Charleston,137566,22000,0.200619893,0.031943693,0.7926,1188,7.679999828,"charleston , south carolina",11.05000019
1396,56800,50000,44600,Citadel Military College of South Carolina,137566,23250,0.188188188,0.074498567,0.808,1129,7.440000057,"charleston , south carolina",11.06000042
1398,29900,26400,25100,Columbia International University,131674,20500,0.24137931,0.077235772,0.3339,1039,7.260000229,"columbia , south carolina",11.02999973
1400,51200,45000,38400,Furman University,93400,24981,0.123778502,0.025437202,0.6105,1353,6.28000021,"greenville , south carolina",11.11999989
1401,51200,45000,38400,Furman University,70635,24981,0.123778502,0.025437202,0.6105,1353,6.28000021,"greenville , south carolina",11.11999989
1406,44900,42500,38000,University of South Carolina-Columbia,131674,22500,0.195314489,0.023238657,0.6306,1287,8.430000305,"columbia , south carolina",10.98999977
1408,35900,33900,30200,Winthrop University,75048,27000,0.282110092,0.027315408,0.6728,1090,9.100000381,"rock hill , south carolina",10.93999958
1410,43700,40300,37700,Augustana University,183793,26607,0.144827586,0.018032787,0.6542,1230,5.679999828,"sioux falls , south dakota",10.97000027
1417,56500,60000,53200,South Dakota School of Mines and Technology,77503,27000,0.183135705,0.030456853,0.8332,1268,8.609999657,"rapid city , south dakota",10.82999992
1418,40100,38800,36100,University of Sioux Falls,183793,23250,0.247159091,0.080106809,0.9125,1135,6.070000172,"sioux falls , south dakota",10.93000031
1423,34900,32100,29200,Austin Peay State University,158146,21500,0.395009936,0.207285686,0.9378,1105,8.930000305,"clarksville , tennessee",10.85000038
1424,57000,54600,50100,Baptist Memorial College of Health Sciences,651073,33976,0.428571429,0.141156463,0.5887,1105,9.960000038,"memphis , tennessee",10.97000027
1426,44200,41100,33100,Christian Brothers University,651073,27000,0.358792185,0.093167702,0.5601,1155,10.65999985,"memphis , tennessee",10.94999981
1429,35100,33400,29500,East Tennessee State University,66906,20500,0.376894809,0.087979648,0.8713,1167,10.48999977,"johnson city , tennessee",10.73999977
1432,29800,26200,27100,Johnson University,187603,23250,0.254545455,0.128107075,0.7126,1138,6.78000021,"knoxville , tennessee",10.97000027
1436,28400,25800,20900,Le Moyne-Owen College,651073,24250,0.487684729,0.027855153,0.9284,885,20.5,"memphis , tennessee",10.60999966
1439,37400,34800,31700,University of Memphis,651073,25000,0.367559988,0.061122661,0.843,1133,11.98999977,"memphis , tennessee",10.89999962
1441,38700,35600,31200,Middle Tennessee State University,146900,21500,0.36437638,0.072496545,0.9353,1149,7.849999905,"murfreesboro , tennessee",10.96000004
1449,38100,35200,30900,The University of Tennessee-Chattanooga,182799,20635,0.293333333,0.056279184,0.7562,1185,9.479999542,"chattanooga , tennessee",10.88000011
1450,45100,42400,36900,The University of Tennessee-Knoxville,187603,20500,0.245407184,0.034172427,0.7778,1303,8.279999733,"knoxville , tennessee",10.94999981
1452,43200,38500,35500,Union University,67191,23251,0.325237592,0.166344294,0.5742,1259,8.920000076,"jackson , tennessee",10.93000031
1454,43000,40100,35600,Abilene Christian University,123420,24812,0.244522968,0.012760242,0.5696,1162,7.800000191,"abilene , texas",11.03999996
1457,40200,36800,32700,Angelo State University,101004,20300,0.403975994,0.050727088,0.7324,1033,11.36999989,"san angelo , texas",10.77000046
1466,51600,47400,42600,Baylor University,139236,24225,0.17109067,0.014895229,0.3895,1307,7.460000038,"waco , texas",11.13000011
1471,44500,44600,38400,Concordia University Texas,978908,25532,0.37704918,0.162337662,0.9063,1065,7.139999866,"austin , texas",11.13000011
1472,43400,40700,35800,Texas A & M University-Corpus Christi,326586,23500,0.390052356,0.055621536,0.8699,1068,13.21000004,"corpus christi , texas",10.85000038
1474,43200,41200,38600,Dallas Baptist University,1343573,21536,0.323314379,0.112359551,0.8807,1145,7.300000191,"dallas , texas",11.11999989
1475,38900,39900,29500,Dallas Christian College,1343573,29004,0.40131579,0.093023256,0.287,1012,7.71999979,"dallas , texas",11.09000015
1490,43300,39100,36800,Hardin-Simmons University,123420,25900,0.314713897,0.070886076,0.842,1085,8.720000267,"abilene , texas",10.93000031
1491,45800,46000,35500,Houston Baptist University,2320268,23250,0.362754607,0.069672131,0.7002,1120,9.010000229,"houston , texas",11.11999989
1492,47900,46700,44500,University of Houston-Clear Lake,2320268,18381,0.482107356,0.206103679,0.6942,1120,8.75,"houston , texas",11.07999992
1494,45000,42900,39700,University of Houston-Downtown,2320268,19750,0.527087769,0.15469099,0.8317,1012,13.43000031,"houston , texas",10.92000008
1496,51600,48300,43100,University of Houston,2320268,18750,0.404927134,0.06083707,0.6234,1220,9.920000076,"houston , texas",11.06999969
1497,30800,28200,27700,Huston-Tillotson University,978908,28456,0.434397163,0.094801223,0.4689,897,12.47999954,"austin , texas",10.89000034
1498,46500,43200,37100,University of the Incarnate Word,1547253,27000,0.432626949,0.217297297,0.8794,1044,11.27999973,"san antonio , texas",10.93000031
1502,39500,36000,32200,Lamar University,116825,21500,0.43252859,0.168758404,0.8432,1043,12.42000008,"beaumont , texas",10.84000015
1506,45800,39600,32700,Texas A & M International University,262491,14789,0.491746641,0.051331408,0.5208,1010,24.54999924,"laredo , texas",10.63000011
1508,48200,44500,42500,LeTourneau University,81631,26148,0.340571429,0.242138365,0.4553,1205,8.93999958,"longview , texas",11.01000023
1510,41800,38900,34900,Lubbock Christian University,258862,21500,0.359947644,0.158403869,0.8966,1094,11.13000011,"lubbock , texas",10.80000019
1513,41000,36500,33600,McMurry University,123420,27000,0.374203822,0.096590909,0.4124,1057,10.55000019,"abilene , texas",10.81999969
1516,41100,40400,37700,Midwestern State University,104683,23000,0.381792183,0.122633391,0.7107,1033,8.970000267,"wichita falls , texas",10.89999962
1524,45000,41100,37600,University of North Texas,141541,20000,0.347966205,0.058332677,0.7105,1163,7.210000038,"denton , texas",11.13000011
1530,39300,36200,31600,Our Lady of the Lake University,1547253,25000,0.475928473,0.096926714,0.9273,1002,14.98999977,"san antonio , texas",10.80000019
1531,41900,38100,31300,The University of Texas Rio Grande Valley,101170,12750,0.525982476,0.086295503,0.8104,1035,30.62000084,"edinburg , texas",10.44999981
1537,46500,42500,38300,Saint Edward's University,978908,25000,0.325439784,0.040854808,0.8639,1185,8.909999847,"austin , texas",11.09000015
1539,49600,45200,37900,University of St Thomas,2320268,21394,0.377862595,0.080592105,0.8224,1159,9.510000229,"houston , texas",11.10999966
1542,46600,39700,36200,St. Mary's University,1547253,25513,0.387238724,0.016881827,0.7497,1162,13.96000004,"san antonio , texas",10.85999966
1546,60700,55200,54300,Southern Methodist University,1343573,21000,0.156824782,0.025431426,0.5123,1395,6.380000114,"dallas , texas",11.23999977
1548,54000,48100,38700,Southwestern University,79604,26750,0.203354298,0.023904383,0.4502,1238,7.139999866,"georgetown , texas",11.15999985
1549,45700,42400,38300,Texas State University,64776,20770,0.358270419,0.037531276,0.4554,1109,8.699999809,"san marcos , texas",11.03999996
1555,58000,53600,48600,Texas A & M University-College Station,117911,18445,0.299507473,0.017159199,0.6762,1291,9.359999657,"college station , texas",11.02999973
1556,48700,44200,41100,The University of Texas at Arlington,398854,18747,0.43769156,0.228565911,0.7952,1157,8.239999771,"arlington , texas",11.06000042
1557,58200,50500,46000,The University of Texas at Austin,978908,19630,0.275175902,0.013785357,0.3852,1367,9.010000229,"austin , texas",11.10000038
1558,53100,48100,44000,The University of Texas at Dallas,121323,18613,0.313957935,0.071036376,0.6922,1330,6.309999943,"richardson , texas",11.22999954
1559,40000,35900,30400,The University of Texas at El Paso,681728,18750,0.406363979,0.10324079,0.9999,1035,19.01000023,"el paso , texas",10.69999981
1560,44200,41200,39400,The University of Texas at Tyler,106985,17750,0.391226819,0.156818182,0.7829,1184,10.10999966,"tyler , texas",10.85000038
1562,52800,49100,46900,Texas Christian University,909585,21500,0.204058625,0.050321199,0.4073,1287,6.46999979,"fort worth , texas",11.17000008
1565,46100,44000,40700,The University of Texas of the Permian Basin,123334,14500,0.462112514,0.22875817,0.905,1046,14.21000004,"odessa , texas",10.73999977
1566,45300,41600,36600,The University of Texas at San Antonio,1547253,20748,0.388502455,0.051305797,0.7903,1131,10.67000008,"san antonio , texas",10.98999977
1567,31300,29000,24700,Texas Southern University,2320268,29531,0.387950592,0.037443512,0.5663,920,15.22999954,"houston , texas",10.81999969
1568,51400,47700,42200,Texas Tech University,258862,21756,0.323794678,0.054026188,0.7067,1175,8.600000381,"lubbock , texas",11
1569,42000,38500,36600,Texas Wesleyan University,909585,23000,0.482961222,0.113475177,0.3586,1047,9.220000267,"fort worth , texas",11
1570,44700,42600,40400,Texas Woman's University,141541,20500,0.415786828,0.136412692,0.868,1059,8.199999809,"denton , texas",11.09000015
1582,59700,50400,41100,Brigham Young University-Provo,116618,12000,0.137956889,0.225746957,0.6447,1324,8.039999962,"provo , utah",11.02999973
1588,43200,39400,33900,Utah State University,51542,14500,0.283578174,0.216712125,0.8905,1201,7.389999866,"logan , utah",10.97999954
1591,53000,47100,40800,University of Utah,200567,18088,0.294409168,0.185389988,0.6686,1236,6.059999943,"salt lake city , utah",11.10999966
1593,49800,46400,39200,Westminster College,200567,23250,0.268774704,0.100123609,0.9292,1185,5.769999981,"salt lake city , utah",11.11999989
1596,41600,35600,31400,Regent University,449974,23537,0.419885551,0.381114551,0.8167,1057,7.789999962,"virginia beach , virginia",11.02000046
1605,40300,36500,34400,Eastern Mennonite University,53016,24000,0.319066148,0.098214286,0.592,1144,6.489999771,"harrisonburg , virginia",10.96000004
1609,56600,49400,44400,James Madison University,53016,20685,0.208308953,0.01544838,0.7113,1212,4.659999847,"harrisonburg , virginia",11.25
1610,36700,34600,32100,Liberty University,82168,25583,0.423986559,0.374637128,0.5554,1133,7.599999905,"lynchburg , virginia",10.98999977
1615,35800,30400,26200,Norfolk State University,242742,31000,0.373521383,0.076112412,0.8969,954,11.52000046,"norfolk , virginia",10.89000034
1616,43700,40700,35500,Old Dominion University,242742,24500,0.332137112,0.125112309,0.8699,1093,7.599999905,"norfolk , virginia",11.02000046
1627,44000,39700,34400,Virginia Commonwealth University,230436,22500,0.276033881,0.028217879,0.8625,1172,6.539999962,"richmond , virginia",11.11999989
1631,40700,36000,29800,Virginia Wesleyan University,449974,27000,0.308724832,0.057001239,0.7041,1091,6.059999943,"virginia beach , virginia",11.13000011
1646,56100,52000,47100,Gonzaga University,222081,25000,0.133101045,0.021813224,0.6562,1282,6.840000153,"spokane , washington",11.07999992
1654,41300,37000,34400,Northwest University,93010,20834,0.363636364,0.175847458,0.9521,1138,5.949999809,"kirkland , washington",11.14999962
1656,49400,42800,36200,Pacific Lutheran University,217827,23000,0.295813954,0.074041812,0.7979,1172,7.090000153,"tacoma , washington",11.06000042
1659,47800,44300,37600,Saint Martin's University,52592,22500,0.340952381,0.175043328,0.9563,1111,7.599999905,"lacey , washington",11
1662,49100,43000,37400,Seattle Pacific University,753675,25000,0.228699552,0.032581454,0.9008,1145,5.760000229,"seattle , washington",11.14999962
1663,56500,51500,44400,Seattle University,753675,22398,0.194029851,0.047313084,0.7565,1246,6.420000076,"seattle , washington",11.13000011
1669,57700,51700,44900,University of Washington-Seattle Campus,753675,15000,0.327274533,0.074948574,0.4869,1347,6.570000172,"seattle , washington",11.11999989
1670,45800,39900,35400,Western Washington University,92314,19000,0.266853933,0.043048539,0.8766,1193,6.550000191,"bellingham , washington",11.06999969
1672,42100,41300,35000,Whitworth University,222081,25988,0.242248062,0.094459582,0.9078,1194,7.449999809,"spokane , washington",11.02000046
1675,40800,39200,32500,University of Charleston,46536,20500,0.431273644,0.207656613,0.5042,1057,12.10000038,"charleston , west virginia",10.77000046
1679,58600,55900,55600,Bellin College,104578,15000,0.310344828,0.177570094,0.8814,1170,4.440000057,"green bay , wisconsin",11.02999973
1681,48500,47700,43000,Cardinal Stritch University,590157,29500,0.454901961,0.147008547,0.7094,1035,7.980000019,"milwaukee , wisconsin",11.02999973
1682,44200,39900,38600,Carroll University,72299,27000,0.271565495,0.018209408,0.6864,1165,4.03000021,"waukesha , wisconsin",11.17000008
1683,44700,40700,37000,Carthage College,99944,26000,0.262383901,0.01697417,0.6783,1173,4.489999771,"kenosha , wisconsin",11.19999981
1684,43300,40400,39500,Edgewood College,259680,25125,0.281027104,0.070291777,0.7288,1133,4.170000076,"madison , wisconsin",11.10000038
1693,71300,65200,61000,Milwaukee School of Engineering,590157,27000,0.235988201,0.037418148,0.6311,1295,5.179999828,"milwaukee , wisconsin",11.10000038
1694,40000,39000,36900,Mount Mary University,590157,26000,0.393316195,0.051224944,0.6198,1000,9.210000038,"milwaukee , wisconsin",10.97999954
1696,43200,39700,38100,Viterbo University,51227,26231,0.281622912,0.126410835,0.758,1172,5.539999962,"la crosse , wisconsin",10.93000031
1700,46200,42300,38500,University of Wisconsin-Eau Claire,68802,22000,0.219840616,0.021772939,0.7796,1170,4.449999809,"eau claire , wisconsin",11.03999996
1701,40800,36600,34800,University of Wisconsin-Green Bay,104578,19500,0.363110008,0.11784897,0.7858,1120,4.539999962,"green bay , wisconsin",11.02999973
1702,48000,43800,38300,University of Wisconsin-La Crosse,51227,22500,0.213809812,0.011890951,0.7065,1220,4.53000021,"la crosse , wisconsin",11.03999996
1703,41300,37700,37100,Wisconsin Lutheran College,590157,26000,0.293680297,0.084063047,0.8039,1142,4.389999866,"milwaukee , wisconsin",11.10999966
1704,42700,39800,36500,University of Wisconsin-Oshkosh,67004,22500,0.31023297,0.048853712,0.7084,1105,4.150000095,"oshkosh , wisconsin",11.06000042
1705,39900,34600,30000,University of Wisconsin-Parkside,99944,21500,0.409470752,0.053562405,0.6712,1065,6.860000134,"kenosha , wisconsin",11.03999996
1707,56200,51000,45000,University of Wisconsin-Madison,259680,20500,0.168052722,0.012303076,0.5173,1365,4.840000153,"madison , wisconsin",11.13000011
1708,44200,40300,36300,University of Wisconsin-Milwaukee,590157,25000,0.33047751,0.054437329,0.7403,1120,6.309999943,"milwaukee , wisconsin",11.06000042
1713,55100,50400,44800,Purdue University-Main Campus,50996,19500,0.185381069,0.012214342,0.5798,1309,5.239999771,"west lafayette , indiana",11.09000015
1798,47300,42900,37800,California State University-San Marcos,96664,17731,0.482576092,0.095920617,0.5842,1047,7.21999979,"san marcos , california",11.15999985
1855,57700,51700,44900,University of Washington-Tacoma Campus,217827,15000,0.327274533,0.074948574,0.8556,1078,6.570000172,"tacoma , washington",11.11999989
1924,47700,43300,38300,Arizona State University-West,252381,20278,0.381317921,0.150779706,0.8241,1132,7.710000038,"glendale , arizona",11.09000015
1989,47700,43300,38300,Arizona State University-Polytechnic,518012,20278,0.381317921,0.150779706,0.8337,1198,7.710000038,"mesa , arizona",11.09000015
2037,50000,45800,48500,Carolinas College of Health Sciences,885708,12525,0.318493151,0.181528662,0.2632,1012,6.679999828,"charlotte , north carolina",11.10000038
2041,42100,41000,35200,Florida Gulf Coast University,87103,19028,0.359480054,0.038477537,0.6492,1143,6.730000019,"fort myers , florida",11
2063,58400,52700,46400,University of Connecticut-Waterbury Campus,107568,22000,0.266493293,0.016412361,0.9666,1097,4.960000038,"waterbury , connecticut",11.25
2064,58400,52700,46400,University of Connecticut-Stamford,129638,22000,0.266493293,0.016412361,0.782,1108,4.960000038,"stamford , connecticut",11.25
2108,49600,43500,37700,Oregon State University-Cascades Campus,100421,22286,0.31369606,0.115461026,0.7799,1160,7.5,"bend , oregon",10.97999954
2166,80200,65600,50400,DigiPen Institute of Technology,71929,27000,0.174285714,0.027247956,0.5665,1282,6.610000134,"redmond , washington",11.10999966